Timpa, 2024-01-19 11:29:30.320830
a, 2024-01-19 11:30:32.312024
Timpa, 2024-01-19 11:42:08.931155
a, 2024-01-19 13:49:28.169593
Timpa, 2024-01-19 14:05:13.898269
timpa, 2024-01-19 14:05:59.019073
timpa, 2024-01-19 14:07:19.082223
Timpa, 2024-01-19 14:39:30.397714
Timpa, 2024-01-19 15:03:09.901469
Timpa, 2024-01-19 15:21:20.244817
Timpa, 2024-01-19 15:24:30.312360
Timpa, 2024-01-19 15:49:40.943141
ks, 2024-01-22 07:58:10.400499
ks, 2024-01-22 08:01:28.419879
ks, 2024-01-22 08:02:48.043696
ks, 2024-01-22 08:03:21.391157
ks, 2024-01-22 08:04:53.843680
ks, 2024-01-22 08:05:45.854244
ks, 2024-01-22 08:10:38.205509
ks, 2024-01-22 08:13:39.941709
a, 2024-01-24 07:50:12.470415
a, 2024-01-24 07:56:29.117744
a, 2024-01-24 07:58:30.050062
